{"cameraMode":{"drawMode":0,"name":"Shaded","section":"Shading Mode"},"sceneLighting":true,"audioPlay":false,"sceneViewState":{"showFog":true,"showMaterialUpdate":false,"showSkybox":true,"showFlares":true,"showImageEffects":true,"showParticleSystems":true},"in2DMode":false,"pivot":{"x":7.70936393737793,"y":-5.705994606018066,"z":158.48291015625},"rotation":{"x":0.025979256257414819,"y":0.9723093509674072,"z":-0.19083894789218903,"w":0.13236351311206819},"size":37.671485900878909,"orthographic":false}