{"cameraMode":{"drawMode":0,"name":"Shaded","section":"Shading Mode"},"sceneLighting":true,"audioPlay":false,"sceneViewState":{"showFog":true,"showMaterialUpdate":false,"showSkybox":true,"showFlares":true,"showImageEffects":true,"showParticleSystems":true},"in2DMode":false,"pivot":{"x":-18.378828048706056,"y":-5.68518590927124,"z":68.25330352783203},"rotation":{"x":-0.09203454107046128,"y":0.15527983009815217,"z":-0.014531459659337998,"w":-0.9834666848182678},"size":118.07559204101563,"orthographic":false}